Competitor,NAME,URL,PRICE,PART_NUMBER,INVENTORY
Mustang Clinic,"TRUNK MAT WITH LOGO, BLACK, 64-73",https://mustangclinic.eu/en/,zł565.25,100931,
Mustang Clinic,"AUTOLITE OIL FILTER, FL-1 REPRODUCTION, ALL ENGINES, MUSTANG 64-73",https://mustangclinic.eu/en/,zł53.10,101984,
Mustang Clinic,FRONT DISC BRAKES CONVERSION FROM DRUMS 65-73,https://mustangclinic.eu/en/,"zł2,999.70",101015,
Mustang Clinic,WINDOW STRIP MOUNTING CLIP 66-73,https://mustangclinic.eu/en/,zł5.00,8272,
Mustang Clinic,"UPHOLSTERY CLIP, STANDARD 64-68",https://mustangclinic.eu/en/,zł3.00,1641,
Mustang Clinic,"LONG PLATE WITH NUT - FENDER, HOOD, FLAP... 64-73",https://mustangclinic.eu/en/,zł5.00,1932,
Mustang Clinic,BLACK WINDLACE - PRICE PER FOOT 64-68,https://mustangclinic.eu/en/,zł11.00,3986,
Mustang Clinic,"PONY DOOR PANEL CLIP, 64-66 AND 69-70 DELUXE",https://mustangclinic.eu/en/,zł6.00,2938,
Mustang Clinic,"FENDER MOUNTING BOLT, BLACK 64-68",https://mustangclinic.eu/en/,zł10.00,2941,
Mustang Clinic,"RIM NUT 1/2"" UNF 64-73 1PC.",https://mustangclinic.eu/en/,zł8.00,9092,
Mustang Clinic,CLIP - BAND FOR ENGINE COMPARTMENT WIRING AND HARNESSES 64-70,https://mustangclinic.eu/en/,zł4.04,326,
Mustang Clinic,GLASS GUIDE ROLLER 64-68,https://mustangclinic.eu/en/,zł8.00,2397,
Mustang Clinic,"SILL REINFORCEMENT TO SIDE MEMBER (LEFT, CONVERTIBLE) 64-70",https://mustangclinic.eu/en/,zł565.00,8782, In stock
Mustang Clinic,"FENDER MOUNTING BOLT, BLACK 64-68",https://mustangclinic.eu/en/,zł10.00,2941, Out-of-Stock
Mustang Clinic,"REAR LONGITUDINAL REPAIR KIT, RIGHT 64-70",https://mustangclinic.eu/en/,zł412.00,6763, In stock
Mustang Clinic,CABRIO REINFORCEMENT PLATE UNDER THE FLOOR 64-70,https://mustangclinic.eu/en/,zł679.00,9330, Out-of-Stock
Mustang Clinic,"MONTE CARLO STRUT BAR (CURVED, CHROME) 67-68",https://mustangclinic.eu/en/,zł318.00,3280, In stock
Mustang Clinic,"WINDSHIELD TO FENDER CONNECTOR, RIGHT 67-68",https://mustangclinic.eu/en/,zł140.00,8709, In stock
Mustang Clinic,LEFT INDICATOR LIGHT MOUNTING FRAME 67-68,https://mustangclinic.eu/en/,zł130.00,3748, In stock
Mustang Clinic,"RIGHT SIDE PANEL, UNDER THE WINDSHIELD 67-68",https://mustangclinic.eu/en/,zł366.00,5447, In stock
Mustang Clinic,TRUNK LID COUPE/CONVERTIBLE 67-68,https://mustangclinic.eu/en/,"zł1,505.00",7241, In stock
Mustang Clinic,"FRONT BUMPER MOUNT, RIGHT 67-68",https://mustangclinic.eu/en/,zł130.00,4826, In stock
Mustang Clinic,"REAR FENDER TRIM, LEFT 67",https://mustangclinic.eu/en/,zł719.00,8815, In stock
Mustang Clinic,"LOWER A-PILLARS, 67-68 WELD THRU PRIMER KIT",https://mustangclinic.eu/en/,"zł1,686.00",9118, Last items in stock
Mustang Clinic,LICENSE PLATE MOUNTING KIT 64-73,https://mustangclinic.eu/en/,zł26.00,169, In stock
Mustang Clinic,REAR SEAT BELT MOUNT 64-73,https://mustangclinic.eu/en/,zł12.00,2460, In stock
Mustang Clinic,"FRONT SIDE MEMBER, COMPLETE RIGHT 65-70",https://mustangclinic.eu/en/,"zł1,554.00",4103, In stock
Mustang Clinic,"REAR ROOF BEAM, FASTBACK 67-68",https://mustangclinic.eu/en/,zł908.00,5460, In stock
